{"5fr6_A": {"inference": 49.689446425999904}, "4d0f_A": {"inference": 77.8927035450015}, "4cue_A": {"inference": 95.48401766799907}, "2vj3_A": {"inference": 94.82326293499864}, "5fm9_A": {"inference": 83.06483200299954}, "1sk3_A": {"inference": 90.83535111499987}, "4lot_A": {"inference": 234.86442296399946}, "1md7_A": {"inference": 375.1108653119991}, "1md8_A": {"inference": 371.64463065600285}}